{"schemaVersion":"1.0","appDefinitionTemplate":{"id":"/providers/Microsoft.PowerApps/apps/","type":"Microsoft.PowerApps/apps","tags":{"primaryDeviceWidth":"1366","primaryDeviceHeight":"768","supportsPortrait":"true","supportsLandscape":"true","primaryFormFactor":"Tablet","showStatusBar":"false","publisherVersion":"3.25043.12","minimumRequiredApiVersion":"2.2.0","hasComponent":"false","hasUnlockedComponent":"false","isUnifiedRootApp":"false","sienaVersion":"20250512T130031Z-3.25043.12.0"},"properties":{"appVersion":"2025-05-12T13:00:31Z","lifeCycleId":"Published","createdByClientVersion":{"major":3,"minor":25043,"build":12,"revision":0,"majorRevision":0,"minorRevision":0},"minClientVersion":{"major":3,"minor":25043,"build":12,"revision":0,"majorRevision":0,"minorRevision":0},"backgroundColor":"RGBA(0,176,240,1)","backgroundImageUri":"/4597564280748345525/N1af8ca90-3dde-4aaa-956e-3fa80416eed5-logoSmallFile","displayName":"Employee Request App","description":"","commitMessage":"","appUris":{"documentUri":{"value":"/4597564280748345525/N34a2e13c-f686-45da-998c-b7342949faf8-document.msapp"},"imageUris":[],"additionalUris":[{"isSolutionAware":false,"value":"/4597564280748345525/N3633b461-c3d4-4702-b17f-22ef8202e58f-identity.json"}]},"createdTime":"0001-01-01T00:00:00Z","lastModifiedTime":"0001-01-01T00:00:00Z","sharedGroupsCount":0,"sharedUsersCount":0,"connectionReferences":{"b5748454-885f-4713-941e-afaa2ffd8ed0":{"id":"557c7022-0032-415e-9139-3f8223fccf49","displayName":"SharePoint","iconUri":"https://conn-afd-prod-endpoint-bmc9bqahasf3grgk.b01.azurefd.net/releases/v1.0.1745/1.0.1745.4169/sharepointonline/icon.png","dataSources":["Request-Sample-Data"],"dependencies":[],"dependents":[],"parameterHints":{},"parameterHintsV2":{},"isOnPremiseConnection":false,"bypassConsent":false,"dataSets":{"https://crm753290-my.sharepoint.com/personal/admin_crm753290_onmicrosoft_com":{"dataSources":{"Request-Sample-Data":{"tableName":"3bf52c37-8742-462b-a0e1-0cd6a4288476"}}}},"apiTier":"Standard","isCustomApiConnection":false,"actions":["providers/PowerPlatform.Governance/Operations/Read","providers/PowerPlatform.Governance/Operations/Write"]},"4e69453d-962c-4487-9ed0-8a87f61e3a1e":{"id":"456c1ec0-1a8e-42a3-a4ec-8038528e4f1a","displayName":"Office 365 Users","iconUri":"https://conn-afd-prod-endpoint-bmc9bqahasf3grgk.b01.azurefd.net/v1.0.1751/1.0.1751.4213/office365users/icon.png","dataSources":["Office365Users"],"dependencies":[],"dependents":[],"parameterHints":{},"parameterHintsV2":{},"isOnPremiseConnection":false,"bypassConsent":false,"dataSets":{},"apiTier":"Standard","isCustomApiConnection":false,"actions":["MyProfile","SearchUser"]}},"databaseReferences":{},"almMode":"Environment","performanceOptimizationEnabled":true,"canConsumeAppPass":true,"enableModernRuntimeMode":false,"executionRestrictions":{"isTeamsOnly":false,"dataLossPreventionEvaluationResult":{"status":"Compliant","lastEvaluationDate":"2025-05-08T01:50:51.1679633Z","violations":[],"violationsByPolicy":[],"violationErrorMessage":"The app uses the following connectors: ."}}},"isAppComponentLibrary":false,"appType":"ClassicCanvasApp","appComponents":[]}}